fecha UTC,hora UTC,latitud (º),longitud (º),profundidad (km),magnitud (M)
1960-11-20,22:01:56.00,-5.6,-80.9,60,6.8
1961-11-23,11:17:28.00,-5.6,-80.3,61,6.1
1961-12-24,14:25:31.00,-5.7,-80.9,33,6.1
1963-03-04,15:43:02.00,-4.5,-81.6,23,5.6
1963-03-05,07:05:00.00,-4.5,-81.5,22,5.8
1963-05-26,19:13:39.00,-5.5,-81.2,33,5.1
1963-06-21,12:13:13.00,-4.9,-81.2,45,4.6
1963-12-20,10:48:04.00,-5.2,-80.8,55,5.5
1964-09-10,21:36:32.00,-4.797,-81.454,25,4.9
1965-01-14,08:25:19.00,-5.648,-81.366,32,5.8
1965-06-18,03:37:50.00,-4.67,-80.6,33,4.7
1965-08-01,04:36:41.00,-4.88,-80.9,66,4.5
1965-08-13,00:54:45.00,-4.34,-81.08,38,5.6
1965-12-03,09:55:49.00,-4.5,-79.9,89,4.9
1966-10-12,18:27:50.00,-4.7,-80.91,52,5
1967-02-05,03:20:44.00,-5.2,-80.7,48,4.6
1967-03-28,04:51:35.00,-5.02,-80.9,88,4.9
1967-08-18,19:05:09.00,-4.98,-81.4,46,4.8
1968-05-22,09:35:30.00,-5.5,-81.6,27,4.8
1968-09-06,07:49:42.00,-5.793,-80.384,45,5.6
1969-03-30,05:05:39.00,-4.365,-80.764,66,5
1969-07-03,12:31:41.00,-5.3,-81.1,50,4.9
1969-09-24,00:14:31.00,-5.09,-81.6,45,4.6
1969-11-02,11:47:05.00,-5.4,-81.5,12,4.9
1970-03-31,08:50:14.00,-5.746,-80.21,71,5.7
1970-12-11,10:01:25.00,-4.5,-81.4,48,5
1971-02-06,11:20:03.00,-4.38,-80.909,41,4.9
1971-07-11,01:33:00.00,-4.4,-79.95,100,7.1
1972-04-28,08:48:27.00,-4.976,-80.797,46,4.9
1972-06-25,12:19:01.00,-5.2,-80.08,73,5.2
1973-07-28,19:46:10.00,-4.337,-80.651,63,4.9
1974-05-29,10:27:56.00,-5.595,-81.183,10,4.8
1974-06-03,23:06:28.00,-5.048,-81.295,28,4.9
1974-06-09,10:41:21.00,-5.858,-81.03,30,5.4
1974-06-09,14:16:03.00,-5.809,-80.991,29,5.9
1974-07-21,22:15:56.00,-4.81,-80.704,61,5.1
1974-10-02,02:55:04.00,-5.852,-80.995,20,5.9
1974-10-08,15:39:39.00,-4.338,-81.102,52,5.3
1974-11-16,17:21:08.00,-5.7,-81.267,32,4.7
1975-04-25,09:36:07.00,-5.849,-81.153,22,5.4
1975-05-06,09:49:47.00,-5.36,-81.14,78,4.9
1975-09-16,00:44:04.00,-4.366,-80.852,68,5.3
1976-07-08,12:46:20.00,-5.077,-80.192,93,5
1976-08-16,18:05:09.00,-4.459,-80.471,99,5.2
1977-09-20,17:17:51.00,-4.335,-80.926,77,5.1
1978-04-10,13:40:42.00,-5.647,-81.303,31,5.4
1978-05-20,23:58:02.00,-5.46,-81.19,20,5.4
1978-06-09,09:22:17.00,-4.727,-80.536,86,4.9
1978-11-21,00:07:06.00,-4.329,-81.207,42,5.4
1978-11-24,15:16:45.00,-4.923,-81.028,40,5.4
1980-03-20,14:32:38.00,-4.997,-80.725,76,5.2
1980-07-15,04:01:52.00,-5.663,-81.116,33,4.9
1980-12-30,06:44:13.00,-5.456,-80.268,109,4.5
1981-06-24,07:54:22.00,-4.97,-81.11,33,4.9
1982-01-03,02:05:21.00,-5.372,-81.311,33,5.1
1982-03-28,01:29:28.00,-4.44,-81.26,33,4.9
1982-07-01,00:33:00.00,-4.56,-80.3,100,4.9
1983-02-13,14:01:36.00,-4.97,-80.33,33,4.9
1983-06-21,09:58:43.00,-5.665,-80.611,55,5.3
1983-08-06,14:20:44.00,-5.69,-80.02,33,5.1
1986-01-30,19:24:53.00,-5.795,-81.012,33,4.3
1987-03-08,22:41:56.00,-5.308,-80.909,33,4.7
1987-05-14,16:04:17.00,-5.4,-81.51,22,5.9
1987-07-30,13:12:06.00,-4.45,-80.37,47,4.7
1988-04-02,19:45:04.00,-5.78,-80.93,33,5.5
1988-07-08,18:45:09.00,-5.06,-80.24,39,4.9
1988-07-11,01:52:05.00,-5.55,-81.47,32,4.9
1988-08-02,08:54:41.00,-5.743,-80.896,33,5
1989-03-01,13:31:22.00,-4.372,-80.564,33,4.8
1989-03-23,17:50:13.00,-5.37,-80.35,58,5.3
1989-10-05,15:39:40.00,-5.08,-80.97,37,4.9
1989-10-25,05:56:15.00,-4.89,-80.62,43,5.1
1989-11-09,18:44:05.00,-5.01,-80.89,27,4.6
1989-11-27,08:07:51.00,-4.75,-81.201,74,4.6
1990-04-02,08:46:37.00,-4.43,-81.29,17,4.5
1990-05-15,05:05:59.00,-5,-80.97,31,5.3
1990-07-29,15:29:13.00,-4.893,-80.857,39,5.2
1991-03-20,13:09:08.00,-5.81,-80.69,49,6.2
1991-08-29,00:15:46.00,-4.39,-80.75,48,4.9
1991-08-30,00:16:21.00,-4.349,-81.541,23,5.3
1992-05-17,09:51:55.00,-4.7,-79.89,42,4.6
1992-06-13,21:38:13.00,-4.39,-81.67,34,4.5
1992-08-03,14:18:59.00,-5.14,-81.18,40,4.9
1992-10-11,06:46:30.00,-5.57,-80.61,25,4.5
1992-12-06,16:18:43.00,-5.88,-80.3,69,4.5
1992-12-12,18:52:48.00,-5.6,-79.83,98,4.5
1992-12-19,11:46:18.00,-5.34,-80.41,47,4.5
1993-01-25,01:14:51.00,-5,-81.42,28,5.1
1993-05-13,20:52:03.00,-5.04,-81.17,22,4.6
1993-05-16,14:59:55.00,-4.431,-80.631,85,4.6
1993-05-16,15:00:13.00,-5.24,-80.04,63,5
1994-01-06,08:31:19.00,-4.327,-80.561,33,4.9
1994-03-28,06:08:58.00,-5.11,-80.1,21,4.6
1994-06-03,11:26:57.00,-5.8,-80.22,44,6.1
1994-09-21,05:02:55.00,-4.77,-80.11,125,4.9
1994-11-26,02:12:41.00,-4.48,-80.61,33,5.3
1995-06-09,20:46:11.00,-4.62,-80.8,36,4.6
1995-07-13,08:07:05.00,-4.63,-81.48,51,4.7
1995-07-17,15:51:41.00,-4.34,-81.13,41,4.6
1995-07-21,22:06:12.00,-5.23,-81.02,37,5.1
1995-10-26,17:24:54.00,-5.32,-80.18,47,4.7
1995-10-28,00:13:04.00,-4.69,-80.385,66,5.1
1995-12-24,06:58:00.00,-4.886,-80.988,33,4.4
1996-01-14,10:45:45.00,-5.8411,-80.1067,100,4.5
1996-02-11,04:06:44.00,-5.2783,-79.8307,10,4.5
1996-03-01,01:12:27.00,-5.3176,-81.015,26,4.9
1996-03-02,01:12:26.00,-5.3297,-81.0537,43,4.5
1996-03-17,12:37:39.00,-4.6998,-80.949,66,4.6
1996-04-01,01:50:49.00,-5.2033,-81.1431,52,4.5
1996-05-11,13:00:48.00,-4.4181,-80.8886,69,4.7
1996-06-02,00:45:13.00,-5.751,-81.359,19,4.9
1996-06-08,09:08:03.00,-4.6438,-80.9189,11,4.5
1996-06-21,01:40:04.00,-4.8817,-81.3234,27,4.7
1996-07-10,13:24:30.00,-4.5497,-80.7293,32,4.5
1996-08-04,12:03:50.00,-5.2833,-80.2106,70,5.3
1996-08-07,11:24:45.00,-5.5192,-80.6849,49,5.4
1996-08-14,03:10:11.00,-5.4329,-80.2754,66,4.5
1996-08-14,05:42:36.00,-5.5158,-80.1821,53,4.5
1996-08-16,12:57:37.00,-5.6753,-80.1214,61,5.1
1996-08-18,11:48:54.00,-4.6009,-80.1846,90,4.6
1996-08-29,20:48:07.00,-4.4421,-80.7173,75,5.5
1996-08-31,00:52:31.00,-5.8396,-80.6815,44,5.5
1996-09-17,03:24:39.00,-5.2406,-80.0751,53,4.7
1996-09-21,20:33:53.00,-4.9784,-80.8155,32,4.8
1996-09-25,02:46:15.00,-4.5022,-80.3239,56,4.6
1996-09-25,15:13:35.00,-5.1625,-80.8248,68,4.5
1996-10-02,05:58:55.00,-4.9957,-80.9078,37,4.5
1996-10-06,15:25:05.00,-5.6704,-81.5531,31,5.1
1996-12-06,22:50:26.00,-4.5651,-80.9642,20,4.7
1996-12-14,22:18:14.00,-5.0592,-80.0734,96,5.1
1996-12-19,17:50:52.00,-5.3374,-81.0997,13,4.5
1997-01-06,16:42:47.00,-4.9554,-80.2369,42,4.7
1997-01-10,11:47:48.00,-5.8416,-81.1858,31,5.1
1997-01-13,16:26:55.00,-4.748,-80.9286,28,4.5
1997-02-12,21:49:50.00,-4.9341,-80.3071,10,4.5
1997-02-12,21:51:50.00,-4.9341,-80.3071,10,4.5
1997-02-22,11:28:14.00,-4.4228,-80.5972,42,4.5
1997-03-06,10:24:13.00,-5.8286,-80.8912,34,4.8
1997-03-16,03:45:42.00,-5.3479,-80.0228,84,4.8
1997-03-19,06:50:27.00,-4.3588,-80.4793,57,4.5
1997-04-25,05:24:54.00,-5.7167,-80.1255,52,4.5
1997-04-30,13:50:45.00,-4.6135,-81.0251,11,4.5
1997-05-06,15:12:40.00,-4.7744,-80.8456,42,4.5
1997-05-10,16:32:20.00,-5.2331,-80.4376,49,4.6
1997-06-30,18:43:59.00,-4.3851,-81.0817,15,4.9
1997-07-18,03:34:17.00,-5.5674,-80.4443,53,4.5
1997-07-25,06:04:54.00,-5.335,-81.5541,27,4.5
1997-08-11,10:04:18.00,-5.2537,-80.285,51,4.5
1997-08-21,10:56:11.00,-4.7793,-80.5067,46,4.5
1997-08-26,14:26:56.00,-5.7487,-81.6283,22,5.2
1997-09-11,12:40:21.00,-4.8709,-80.7566,33,4.5
1997-09-11,18:29:25.00,-4.6467,-81.1621,24,4.5
1997-10-08,11:52:45.00,-5.0869,-80.8333,19,4.5
1998-03-28,19:59:13.00,-5.7993,-80.713,38,5.1
1998-04-05,06:30:58.00,-4.9153,-79.8986,80,4.5
1998-04-06,06:30:58.00,-4.9153,-79.8986,80,4.5
1998-05-07,04:07:12.00,-4.4517,-80.7555,32,4.6
1998-05-31,02:12:36.00,-4.7365,-80.9827,70,4.5
1998-07-03,16:43:00.00,-4.9339,-80.1581,26,5
1998-07-12,08:02:16.00,-4.9819,-80.1476,74,4.9
1998-07-19,11:09:30.00,-4.8993,-81.0602,35,4.5
1998-09-12,10:49:10.00,-5.4392,-79.8884,107,4.7
1998-09-20,23:09:18.00,-5.2139,-80.7217,48,4.5
1998-09-26,11:54:42.00,-5.7603,-80.2455,49,4.5
1998-11-02,02:50:01.00,-4.9931,-80.6215,58,5.1
1998-12-10,10:02:00.00,-4.3277,-80.3087,98,4.5
1998-12-14,14:44:13.00,-4.723,-80.8605,34,4.5
1998-12-16,23:37:04.00,-4.6579,-80.1049,132,4.5
1998-12-21,07:24:23.00,-5.4798,-80.5358,52,4.5
1998-12-23,10:27:37.00,-5.4893,-80.2843,55,4.5
1998-12-24,08:52:41.00,-4.3361,-80.3384,88,4.7
1998-12-27,03:40:27.00,-5.6038,-80.0097,68,4.8
1998-12-28,02:54:51.00,-5.0245,-81.0038,18,4.5
1998-12-30,00:34:23.00,-5.7835,-80.6616,45,4.5
1999-01-27,08:12:23.00,-5.4839,-81.194,15,4.9
1999-03-03,20:22:51.00,-4.8231,-80.9453,24,4.5
1999-03-25,17:02:13.00,-5.811,-80.6896,29,4.9
1999-04-12,08:27:14.00,-5.3599,-80.4566,71,4.5
1999-05-17,19:28:41.00,-4.8517,-80.8356,55,4.9
1999-05-20,00:50:56.00,-4.8047,-80.3132,35,4.5
1999-05-26,02:18:58.00,-4.5985,-80.4293,38,4.9
1999-05-31,06:40:07.00,-4.361,-80.6791,56,4.5
1999-06-27,00:31:05.00,-5.0128,-81.3813,31,5
1999-08-27,01:16:56.00,-5.0793,-80.9103,16,4.5
1999-11-06,16:45:59.00,-5.041,-80.8535,42,5.2
1999-11-27,15:29:56.00,-5.1405,-80.2665,76,4.5
2000-01-24,12:00:12.00,-5.3397,-79.8622,80,4.5
2000-02-06,07:12:42.00,-5.2287,-81.0062,38,5.2
2000-02-08,07:09:27.00,-5.43,-80.4392,38,5.1
2000-02-27,23:48:05.00,-5.4973,-80.0941,10,4.6
2000-03-12,22:26:28.00,-5.6633,-80.3404,51,4.6
2000-03-12,22:47:56.00,-5.2719,-79.9889,89,4.5
2000-03-19,12:33:35.00,-5.2336,-80.884,41,4.5
2000-03-19,15:12:43.00,-4.5125,-79.8358,68,4.5
2000-03-27,09:54:22.00,-5.6383,-79.8709,85,5.1
2000-04-25,08:38:43.00,-4.9003,-80.9457,30,4.8
2000-05-01,06:46:53.00,-4.7953,-81.0442,29,4.5
2000-05-22,19:56:22.00,-5.0968,-81.2359,15,4.6
2000-05-23,01:19:08.00,-4.5524,-81.0522,6,4.6
2000-05-29,22:49:08.00,-5.652,-81.6645,11,4.5
2000-08-19,17:00:37.00,-4.4694,-80.6878,40,4.8
2000-08-24,05:01:14.00,-4.5252,-81.6632,17,4.7
2000-10-03,13:42:16.00,-5.6038,-81.1745,16,4.5
2000-10-22,08:31:53.00,-4.8838,-81.456,38,4.5
2000-10-30,01:26:41.00,-4.5321,-79.8846,24,4.5
2000-11-09,13:38:02.00,-4.8296,-80.8465,37,4.5
2000-12-25,04:07:58.00,-4.444,-80.276,64,4.7
2001-01-07,09:40:04.00,-5.3155,-80.8816,22,4.5
2001-04-20,19:29:08.00,-5.0086,-80.2929,41,4.9
2001-05-02,06:27:53.00,-5.4377,-81.7079,29,4.5
2001-05-24,21:46:09.00,-5.1645,-81.0979,39,4.5
2001-05-27,17:21:38.00,-4.3679,-79.8258,121,4.5
2001-06-24,00:23:56.00,-4.567,-81.448,35,4.5
2001-07-31,23:46:42.00,-4.541,-80.6183,46,4.5
2001-08-12,02:42:44.00,-5.5927,-80.7792,38,4.8
2001-09-11,13:24:49.00,-5.1338,-80.0915,67,4.5
2001-09-16,08:45:14.00,-4.4433,-80.7173,28,4.5
2001-10-10,07:23:58.00,-4.787,-80.9131,29,4.5
2001-10-11,14:19:40.00,-5.3707,-81.0907,14,4.6
2001-10-11,14:38:24.00,-4.7018,-80.863,38,4.5
2001-10-16,10:23:43.00,-5.7672,-80.218,45,4.5
2001-10-18,07:16:02.00,-5.4364,-81.5314,10,4.8
2001-10-24,07:52:01.00,-4.3885,-80.5954,38,4.5
2001-11-17,03:34:50.00,-4.4738,-80.0476,83,4.5
2001-11-28,14:37:25.00,-4.6986,-80.9938,55,4.9
2001-12-02,21:25:56.00,-4.5466,-81.6182,18,4.5
2001-12-16,21:45:38.00,-5.0576,-80.2484,51,4.6
2002-01-12,02:21:32.00,-5.0066,-80.9536,25,4.7
2002-01-19,22:31:16.00,-5.0569,-80.8808,43,4.5
2002-01-23,09:41:35.00,-5.6853,-80.0142,84,4.5
2002-01-29,20:01:50.00,-5.799,-80.6088,70,4.9
2002-02-03,18:00:58.00,-4.3195,-81.1163,54,4.5
2002-03-03,21:30:46.00,-5.3555,-80.4905,43,4.5
2002-03-17,15:50:20.00,-4.6373,-80.6538,44,4.8
2002-03-21,04:39:08.00,-4.3348,-80.8123,33,4.5
2002-07-22,07:01:33.00,-4.3599,-81.406,52,4.5
2002-09-05,20:26:23.00,-5.3967,-80.9695,11,4.5
2002-09-13,10:23:01.00,-5.1244,-81.1359,56,5.4
2002-09-29,02:52:27.00,-4.7662,-81.5143,48,5.3
2002-09-30,03:15:46.00,-5.609,-81.0562,29,4.7
2002-10-16,10:56:55.00,-5.5436,-80.0229,50,4.5
2002-12-15,04:05:22.00,-5.477,-81.008,33,4.3
2003-01-17,06:01:51.00,-5.192,-81.179,33,4.3
2003-01-18,11:02:16.00,-5.8515,-80.8364,36,4.8
2003-02-21,00:37:58.00,-5.3497,-80.838,11,4.8
2003-08-30,13:07:39.00,-4.9544,-80.3318,48,4.7
2003-09-06,12:11:23.00,-4.5308,-80.3388,94,5.1
2003-09-20,07:50:48.00,-5.4232,-80.9599,38,4.5
2003-09-22,23:40:07.00,-5.6084,-80.7369,18,4.7
2003-10-01,09:37:35.00,-5.37,-80.7328,34,4.5
2003-10-24,05:18:00.00,-5.0328,-80.8127,14,4.5
2003-11-01,00:37:21.00,-5.0345,-80.5391,18,4.5
2003-11-14,03:30:49.00,-4.3629,-80.4848,24,4.8
2003-11-19,08:55:43.00,-4.5437,-81.0415,50,4.5
2003-11-22,04:44:39.00,-5.7774,-80.967,11,4.9
2003-11-25,22:40:43.00,-5.4103,-80.2795,42,4.5
2003-12-08,02:21:52.00,-4.9307,-80.8631,50,4.5
2003-12-10,17:23:45.00,-5.7609,-80.9721,10,4.5
2003-12-16,00:56:01.00,-5.1187,-81.204,25,4.8
2004-01-08,21:19:49.00,-4.9495,-80.3153,27,5.3
2004-01-10,16:27:49.00,-4.3689,-80.9949,11,4.5
2004-01-29,09:14:36.00,-4.846,-80.65,29,4.6
2004-02-11,13:19:45.00,-4.8111,-80.8409,51,4.5
2004-03-07,21:42:41.00,-5.6401,-80.6342,30,4.5
2004-03-10,07:42:47.00,-4.8602,-81.1469,41,4.5
2004-04-30,08:50:42.00,-5.0506,-80.105,45,4.5
2004-05-14,11:31:47.00,-5.8698,-80.2954,50,4.6
2004-05-25,10:04:19.00,-4.6319,-80.431,38,5.5
2004-06-30,12:08:09.00,-4.3885,-79.8734,89,4.5
2004-08-02,03:50:58.00,-4.5878,-80.408,28,4.5
2004-08-14,20:29:05.00,-4.7518,-80.1708,37,4.7
2004-08-31,10:54:21.00,-5.6941,-79.9967,66,4.5
2004-10-10,03:01:38.00,-5.0333,-80.9014,49,4.6
2004-11-09,07:50:18.00,-5.8732,-81.1874,32,4.8
2004-11-29,00:33:13.00,-5.808,-79.951,56,4.5
2005-01-24,06:33:25.00,-4.7568,-80.0624,84,4.5
2005-02-20,22:41:27.00,-5.3244,-80.2811,54,4.6
2005-03-22,06:51:54.00,-5.0521,-80.5065,49,4.8
2005-03-23,13:55:37.00,-4.5686,-80.6443,34,4.5
2005-03-23,23:22:10.00,-4.9083,-80.2654,40,4.7
2005-04-05,10:02:07.00,-4.845,-80.8814,57,4.6
2005-04-09,13:32:32.00,-5.1137,-80.1716,44,5.2
2005-04-11,08:06:34.00,-4.3348,-80.728,63,4.5
2005-04-13,22:10:41.00,-4.5019,-80.5346,61,4.5
2005-04-27,03:02:01.00,-4.8724,-80.7213,30,4.6
2005-05-13,19:18:04.00,-4.3481,-80.6512,33,5.3
2005-05-22,18:08:44.00,-5.4917,-79.9271,87,4.9
2005-06-04,23:49:52.00,-4.8415,-80.0587,68,4.9
2005-06-04,23:59:27.00,-4.8851,-80.2466,55,4.9
2005-07-15,02:11:22.00,-4.4487,-80.1397,56,4.6
2005-07-26,11:05:58.00,-5.6395,-80.248,48,4.5
2005-08-16,04:21:47.00,-4.3294,-80.7855,25,4.5
2005-08-23,06:32:23.00,-4.9269,-80.7392,67,5.2
2005-08-25,08:47:07.00,-4.9785,-80.4749,60,4.8
2005-09-26,15:56:10.00,-4.6782,-81.0034,67,4.5
2005-11-11,13:36:36.00,-5.8048,-80.9003,54,4.9
2005-11-16,04:20:19.00,-5.4688,-80.8342,41,4.5
2005-11-17,07:28:42.00,-5.7777,-80.914,11,4.5
2005-11-18,09:45:49.00,-5.046,-81.4671,15,4.5
2005-11-18,17:22:02.00,-5.8381,-81.1039,26,4.6
2005-11-18,18:37:44.00,-4.6949,-80.9935,34,4.5
2005-11-19,19:06:16.00,-4.9454,-81.2137,34,4.6
2005-11-21,16:27:03.00,-5.2381,-80.3815,76,4.5
2005-11-27,10:35:50.00,-4.3392,-80.6643,63,4.9
2005-11-28,06:44:56.00,-4.3296,-81.3764,24,4.9
2005-12-01,07:15:01.00,-4.4697,-80.7554,38,4.8
2005-12-02,03:48:36.00,-4.4161,-79.8443,11,4.5
2005-12-02,05:02:36.00,-5.7221,-80.8894,22,4.5
2005-12-04,12:00:24.00,-4.6618,-80.2216,75,4.6
2005-12-06,17:41:54.00,-5.0734,-80.205,59,4.5
2005-12-08,23:30:35.00,-4.8344,-80.8474,50,4.5
2005-12-09,11:40:43.00,-5.236,-81.2699,40,4.6
2005-12-10,17:36:24.00,-4.8247,-80.9126,52,4.9
2005-12-11,16:52:24.00,-5.0449,-80.2425,86,4.5
2005-12-14,05:45:12.00,-4.9098,-81.0579,25,4.5
2005-12-14,09:26:55.00,-4.5379,-81.5259,30,4.6
2005-12-17,23:41:16.00,-5.4709,-80.3212,61,4.5
2005-12-23,00:15:52.00,-5.748,-80.4123,14,4.5
2005-12-25,07:25:06.00,-5.4102,-81.1076,42,4.5
2005-12-29,01:00:44.00,-4.7933,-80.5795,25,4.5
2006-03-10,12:57:10.00,-5.434,-80.937,69,4.4
2006-05-19,17:53:46.00,-4.7382,-81.0048,31,4.9
2006-06-22,20:40:35.00,-4.9503,-80.8738,30,4.6
2006-10-09,19:15:40.00,-4.5244,-80.1748,72,4.5
2006-10-15,18:59:58.00,-4.607,-79.926,10,4
2006-11-07,07:49:51.00,-4.4309,-81.0494,20,5
2006-12-24,01:54:51.00,-4.6549,-80.9629,29,4.5
2007-02-26,03:59:47.00,-4.8325,-81.0368,40,5
2007-04-09,19:20:16.00,-4.9512,-80.164,71,4.5
2007-05-15,00:01:15.00,-4.4571,-80.7362,35,4.7
2007-08-17,16:38:45.00,-4.9415,-80.8165,42,4.6
2007-09-28,02:42:35.00,-5.8616,-81.0472,29,5.2
2007-10-13,01:35:00.00,-5.6693,-80.0458,75,5
2007-10-30,04:27:32.00,-5.1935,-81.1275,33,4.9
2007-10-30,06:48:20.00,-5.2296,-81.0726,26,4.5
2007-11-28,04:29:56.00,-4.3658,-80.6995,31,4.5
2007-12-25,04:31:30.00,-4.6578,-80.1786,60,4.8
2008-01-19,03:03:27.00,-4.931,-80.3123,43,4.5
2008-02-16,15:59:29.00,-4.7805,-80.8941,40,4.5
2008-06-02,17:16:05.00,-5.1082,-80.7621,42,4.5
2008-08-06,00:16:19.00,-5.1383,-80.9834,19,4.5
2008-08-18,15:40:46.00,-5.8259,-80.9801,20,4.8
2008-12-21,15:49:11.00,-5.5439,-81.4772,58,4.9
2009-01-01,23:02:16.00,-4.9715,-80.7119,9,4.5
2009-02-14,05:24:53.00,-5.7189,-81.0609,28,5
2009-03-02,00:39:22.00,-4.4265,-80.8878,26,5.2
2009-03-26,17:35:11.00,-5.8499,-81.587,10,6
2009-04-09,22:20:56.00,-4.328,-80.3286,42,4.5
2009-06-23,23:45:34.00,-4.9121,-80.4459,56,4.5
2009-07-07,18:27:30.00,-5.7877,-79.9864,76,4.5
2009-08-27,14:56:37.00,-5.5668,-81.3304,11,5.4
2009-08-29,17:08:16.00,-5.3918,-80.3928,36,4.5
2009-10-15,01:43:05.00,-5.0305,-80.4224,34,5.3
2009-11-07,19:39:20.00,-4.3933,-81.6048,34,5
2009-12-17,09:23:42.00,-5.5818,-80.7892,26,4.5
2010-01-16,08:12:12.00,-5.2365,-80.7047,48,4.7
2010-02-13,19:27:33.00,-4.915,-80.352,43,4.7
2010-03-27,23:50:19.00,-4.762,-80.73,50,5
2010-03-28,02:03:07.00,-4.9388,-80.8846,19,4.5
2010-05-03,06:12:37.00,-4.3918,-80.8877,28,4.9
2010-06-05,17:16:59.00,-5.075,-80.8811,5,4.5
2010-07-04,16:43:25.00,-4.9954,-80.2754,36,4.6
2010-07-08,13:10:06.00,-4.7642,-80.8084,28,4.5
2010-08-02,01:13:34.00,-4.6723,-80.8641,51,4.5
2010-08-17,03:22:55.00,-5.6959,-79.9184,64,5.5
2010-08-22,06:13:45.00,-4.8943,-81.0389,30,4.9
2010-09-09,21:25:59.00,-4.8388,-81.0882,56,4.6
2010-09-11,18:55:21.00,-4.4829,-80.8497,15,5.4
2010-10-19,10:20:15.00,-4.4973,-81.545,49,4.6
2010-11-18,10:03:17.00,-4.8948,-81.3067,56,4.7
2010-12-04,10:22:42.00,-4.7705,-80.6389,33,4.5
2010-12-23,21:55:15.00,-5.2395,-81.4322,0,4.5
2011-01-31,19:25:20.00,-5.5906,-81.1024,17,4.6
2011-02-14,08:28:44.00,-4.8466,-81.3479,30,4.5
2011-03-03,04:11:20.00,-5.7041,-80.9912,46,4.5
2011-03-03,08:34:05.00,-4.9928,-80.821,18,4.8
2011-03-29,09:06:55.00,-5.3815,-80.83,34,4.5
2011-04-15,21:52:29.00,-4.3956,-80.5821,45,4.5
2011-04-19,05:11:39.00,-4.7297,-81.093,53,4.5
2011-05-17,10:07:34.00,-4.3839,-81.4976,17,4.7
2011-05-25,00:50:47.00,-4.5597,-81.0442,16,4.5
2011-06-20,15:47:25.00,-5.1324,-80.3551,40,4.7
2011-06-27,10:49:00.00,-5.3712,-80.9177,29,4.5
2011-06-30,08:10:24.00,-4.903,-80.0244,64,4.6
2011-07-08,08:07:26.00,-4.5375,-80.2641,39,4.8
2011-08-07,00:55:24.00,-4.4141,-80.5388,19,4.5
2011-08-19,18:38:29.00,-4.5423,-81.0727,41,4.5
2011-08-25,05:11:34.00,-4.6379,-80.7969,1,4.5
2011-09-08,02:48:35.00,-4.4661,-80.5534,109,4.5
2011-09-25,00:35:08.00,-5.769,-81.536,33,5.3
2011-10-02,06:41:20.00,-5.4379,-80.9905,27,4.5
2011-10-02,16:49:46.00,-5.7341,-80.1977,52,4.5
2011-10-16,01:11:02.00,-5.7427,-80.9205,19,4.5
2011-10-18,06:18:18.00,-4.9529,-80.3714,32,4.5
2011-10-19,23:49:51.00,-5.8683,-81.204,9,4.6
2011-10-20,00:11:17.00,-5.8298,-81.212,1,4.5
2011-10-20,04:09:02.00,-5.0539,-79.841,94,4.5
2011-10-28,01:04:16.00,-4.8203,-80.1867,38,4.5
2011-11-01,04:31:13.00,-5.537,-80.0937,54,4.7
2011-11-05,23:59:34.00,-4.6319,-80.2069,91,4.5
2011-11-09,19:59:26.00,-5.5931,-80.3433,51,4.6
2011-11-14,06:24:28.00,-5.8191,-81.5488,6,4.9
2011-11-22,05:24:14.00,-4.6782,-80.6968,31,4.9
2011-11-27,01:49:33.00,-5.0491,-80.1436,117,4.5
2011-11-27,05:14:28.00,-4.5654,-80.635,37,4.5
2011-12-03,16:08:24.00,-4.9969,-80.7942,37,4.7
2011-12-03,22:04:07.00,-4.6159,-80.6523,44,4.5
2011-12-09,05:02:01.00,-4.5829,-80.2477,167,4.5
2011-12-10,13:13:04.00,-5.1926,-81.063,28,4.5
2011-12-11,06:42:05.00,-4.8736,-80.6266,36,4.5
2011-12-28,07:43:12.00,-4.568,-80.506,12,4.6
2012-03-19,19:59:09.00,-5.3644,-80.2775,60,5.2
2012-03-21,05:23:28.00,-4.9057,-80.3169,45,4.5
2012-03-29,22:27:33.00,-5.5115,-81.0366,2,4.7
2012-04-03,03:08:02.00,-5.1723,-80.8784,50,5.7
2012-04-20,01:31:59.00,-4.6161,-81.2057,47,4.5
2012-05-21,11:29:55.00,-5.871,-81.0821,14,4.5
2012-06-21,11:38:29.00,-4.4837,-80.695,66,4.6
2012-07-16,19:24:16.00,-4.4957,-80.9828,46,4.5
2012-08-08,12:54:19.00,-4.601,-80.8655,30,4.5
2012-09-09,10:46:28.00,-5.4839,-80.6211,40,4.7
2012-09-15,03:57:35.00,-4.3958,-80.659,68,4.7
2012-09-29,11:31:22.00,-4.3312,-80.6148,38,4.5
2012-11-10,08:32:49.00,-4.8454,-81.0037,1,4.5
2012-11-26,18:48:02.00,-5.5291,-80.8534,11,4.5
2012-12-04,22:56:45.00,-5.0024,-81.6471,44,4.5
2012-12-14,05:57:15.00,-5.7658,-81.3963,19,4.5
2012-12-21,02:28:33.00,-5.836,-81.7046,8,4.6
2012-12-22,18:18:38.00,-4.3435,-80.539,38,4.5
2013-01-15,22:34:50.00,-5.7443,-80.6656,35,5.2
2013-01-20,23:03:11.00,-5.1332,-81.108,25,4.5
2013-02-17,08:47:01.00,-4.8188,-80.2515,57,4.5
2013-02-24,07:27:04.00,-4.4239,-80.9026,31,4.5
2013-03-27,00:06:21.00,-4.8013,-80.1086,93,4.5
2013-04-12,01:36:06.00,-4.8523,-80.8626,29,4.5
2013-04-20,00:22:01.00,-5.4064,-81.688,40,4.7
2013-06-13,23:14:34.00,-4.5413,-79.997,39,4.6
2013-07-03,13:26:55.00,-4.9999,-80.6949,33,4.5
2013-07-09,05:54:15.00,-4.5201,-80.6044,24,4.6
2013-07-19,06:46:21.00,-4.9272,-81.4255,43,4.5
2013-07-22,07:57:11.00,-4.6554,-80.7948,44,4.5
2013-07-28,16:57:32.00,-5.8743,-80.8775,31,5
2013-07-29,03:47:57.00,-5.5999,-80.9255,38,4.6
2013-07-31,10:28:07.00,-5.1184,-80.7434,44,5.1
2013-08-12,09:49:32.00,-5.2373,-81.6665,13,6.2
2013-08-25,12:22:30.00,-5.5141,-81.0134,33,4.5
2013-09-07,04:22:40.00,-5.5201,-81.5664,14,4.8
2013-09-15,09:58:56.00,-4.6754,-80.7129,51,4.9
2013-09-20,23:00:05.00,-5.6954,-80.6091,41,4.5
2013-10-01,18:08:05.00,-5.6668,-81.6167,26,4.5
2013-10-09,04:41:31.00,-5.5817,-81.4445,44,4.5
2013-10-09,10:32:19.00,-4.3351,-80.4888,29,4.5
2013-10-19,04:52:47.00,-4.6897,-80.2524,63,4.6
2013-10-19,11:43:52.00,-4.8944,-80.8456,32,4.6
2013-10-22,01:53:27.00,-4.7743,-80.47,37,4.5
2013-10-27,18:46:25.00,-4.382,-81.3871,32,4.5
2013-11-04,10:36:36.00,-4.8536,-80.8234,29,4.5
2013-11-11,17:25:08.00,-4.5954,-80.8345,64,4.5
2013-11-14,08:17:10.00,-5.3245,-80.3543,51,4.6
2013-11-14,15:02:47.00,-5.7926,-80.2229,60,5.5
2013-11-22,02:35:43.00,-4.7827,-80.2504,73,4.5
2013-12-08,06:42:17.00,-4.6906,-81.0801,31,4.5
2013-12-21,04:36:32.00,-5.8372,-80.964,15,4.5
2013-12-26,09:49:41.00,-5.5349,-81.7311,41,4.5
2013-12-26,15:53:09.00,-4.4731,-80.0995,90,4.5
2014-01-06,20:05:42.00,-4.8901,-80.8541,38,5.2
2014-01-08,15:39:18.00,-5.0569,-80.0342,89,5.3
2014-01-13,20:45:29.00,-5.3984,-80.7194,38,4.9
2014-01-15,17:54:43.00,-5.3644,-80.2813,55,4.7
2014-01-27,02:02:27.00,-4.4597,-80.3761,55,4.7
2014-01-28,15:19:26.00,-4.6577,-81.738,29,4.8
2014-02-20,20:36:48.00,-4.8859,-80.8553,33,4.6
2014-02-25,02:42:36.00,-4.4749,-80.7204,39,4.5
2014-03-15,23:51:31.00,-5.6595,-81.127,39,6.4
2014-03-15,23:55:22.00,-5.6528,-81.0661,35,4.5
2014-03-16,00:22:20.00,-5.5723,-80.9967,38,4.8
2014-03-16,14:56:17.00,-5.6982,-80.9769,39,4.7
2014-03-16,15:25:13.00,-5.6666,-81.1222,41,5
2014-03-16,15:34:04.00,-5.6778,-81.0512,27,4.6
2014-03-17,08:09:12.00,-5.1416,-80.83,57,4.7
2014-03-17,08:53:52.00,-5.6506,-81.0388,28,4.5
2014-03-22,00:38:46.00,-5.4135,-80.811,36,5.3
2014-03-25,07:21:30.00,-5.5769,-81.0062,36,4.8
2014-03-30,00:04:12.00,-5.8331,-81.0227,32,4.5
2014-04-02,15:20:57.00,-4.3787,-80.2957,55,4.5
2014-04-10,08:56:18.00,-5.6178,-81.0549,21,4.8
2014-04-17,08:03:55.00,-5.5973,-80.9096,36,4.5
2014-05-11,13:37:26.00,-5.1527,-80.2806,61,4.5
2014-05-12,10:00:25.00,-5.4506,-80.6245,45,4.5
2014-05-15,01:48:55.00,-5.6045,-81.0213,47,5.6
2014-05-15,04:58:28.00,-4.7256,-81.014,33,4.6
2014-05-25,15:52:48.00,-5.6101,-81.0166,17,4.9
2014-05-26,11:38:37.00,-5.8183,-81.098,29,4.6
2014-05-26,11:45:00.00,-5.8514,-81.1923,28,4.8
2014-05-28,01:11:48.00,-5.5385,-81.0005,25,4.5
2014-05-28,05:47:59.00,-5.3946,-80.9769,18,4.8
2014-05-29,20:24:57.00,-5.6277,-80.8929,22,4.6
2014-06-03,19:44:28.00,-4.9406,-80.8408,31,4.6
2014-06-08,00:54:49.00,-4.7665,-80.9956,31,4.7
2014-06-13,00:48:38.00,-5.5223,-81.0483,51,4.8
2014-06-13,01:14:35.00,-5.1929,-80.9131,29,5.2
2014-06-23,06:35:22.00,-5.8337,-81.0103,50,4.6
2014-07-23,09:57:45.00,-5.6528,-80.9655,30,5
2014-08-01,15:45:15.00,-4.8856,-80.8827,37,4.5
2014-08-12,18:37:00.00,-5.2103,-81.1986,25,4.5
2014-08-24,11:16:01.00,-4.4222,-80.7914,29,4.9
2014-10-09,09:10:42.00,-4.5222,-80.2098,35,4.5
2014-11-09,00:56:26.00,-4.9634,-80.8535,30,4.5
2015-01-03,03:55:40.00,-4.3977,-80.453,74,4.5
2015-01-24,03:20:26.00,-5.6767,-81.6865,23,4.6
2015-02-18,17:27:32.00,-5.8706,-81.4067,15,4.5
2015-02-18,20:13:23.00,-5.8128,-81.6174,27,4.5
2015-02-21,06:46:49.00,-4.4401,-80.3036,91,4.9
2015-03-03,15:24:01.00,-5.0264,-81.2259,24,4.7
2015-03-10,20:46:45.00,-4.4207,-81.7244,25,4.6
2015-03-11,02:38:46.00,-5.0031,-81.1502,23,4.7
2015-04-23,00:22:04.00,-4.8904,-80.8797,37,4.9
2015-05-26,14:30:26.00,-4.4418,-80.2806,46,4.5
2015-06-13,07:18:08.00,-5.1689,-80.845,50,4.6
2015-08-23,14:22:55.00,-5.0301,-81.2948,29,4.5
2015-09-07,00:51:22.00,-5.8819,-80.5562,33,4.5
2015-10-23,12:27:12.00,-5.527,-80.9986,44,4.6
2015-11-21,12:15:39.00,-4.375,-80.7727,12,4.8
2015-11-23,05:33:11.00,-5.06,-80.7938,33,4.7
2015-12-17,07:56:52.00,-5.8373,-80.9759,0,4.7
2015-12-31,10:59:45.00,-5.0399,-80.2095,48,4.8
2016-01-13,04:02:20.00,-4.8593,-80.9689,40,4.6
2016-01-13,13:45:30.00,-5.3839,-80.2549,79,4.8
2016-01-19,03:28:23.00,-5.5877,-81.101,37,4.7
2016-02-26,13:09:52.00,-4.9176,-80.9844,47,4.9
2016-03-21,03:18:20.00,-4.6288,-80.2323,45,4.6
2016-04-09,22:28:56.00,-5.2358,-80.0928,57,4.8
2016-04-21,06:47:37.00,-4.3673,-81.5865,27,4.5
2016-05-27,13:27:29.00,-5.2492,-81.1225,34,4.6
2016-06-10,12:53:02.00,-4.8727,-80.8557,32,4.6
2016-07-02,06:34:56.00,-4.9308,-81.0222,44,5.1
2016-08-29,16:54:10.00,-5.1434,-80.5624,72,4.7
2016-09-25,05:09:02.00,-5.5549,-81.2185,41,4.7
2016-10-25,15:36:46.00,-5.0516,-81.3317,29,5
2016-11-22,15:02:51.00,-5.7261,-80.399,52,4.7
2017-01-11,00:29:20.00,-5.8153,-81.0354,23,4.5
2017-03-21,21:09:06.00,-4.8979,-80.9285,34,4.8
2017-04-18,07:33:47.00,-4.6197,-80.1508,42,4.6
2017-05-21,10:14:16.00,-4.7974,-80.1216,90,5.2
2017-06-04,18:17:31.00,-4.9638,-80.1071,74,4.5
2017-06-25,03:03:40.00,-4.5327,-80.1861,92,5
2017-06-25,07:46:05.00,-4.9402,-80.9138,41,4.9
2017-06-26,23:48:05.00,-5.5995,-81.0163,31,4.5
2017-08-11,20:17:52.00,-5.4819,-81.1696,39,5.1
2017-08-25,17:19:39.00,-5.0917,-80.0369,86,4.5
2017-08-27,09:11:33.00,-5.5629,-81.002,37,4.6
2017-10-19,03:21:46.00,-5.4798,-80.2975,58,4.5
2017-12-22,03:56:55.00,-5.647,-81.6071,46,5
2018-01-24,01:31:21.00,-4.858,-80.8424,26,4.5
2018-03-04,06:16:17.00,-5.8242,-81.1257,23,5.1
2018-03-04,13:52:54.00,-5.8284,-81.1767,33,4.6
2018-03-10,20:55:01.00,-5.0026,-81.2475,28,4.7
2018-03-23,13:22:45.00,-5.456,-80.2471,54,4.5
2018-05-14,05:48:34.00,-4.3407,-80.5374,48,4.6
2018-06-10,16:01:07.00,-4.7066,-80.2654,66,4.5
2018-08-03,15:34:56.00,-5.8049,-80.996,35,4.6
2018-09-08,14:38:56.00,-4.6323,-81.5914,12,5.4
2018-09-15,06:22:18.00,-5.2879,-79.9873,87,4.5
2018-10-10,02:47:50.00,-5.5394,-81.2041,43,4.8
2018-11-13,03:43:21.00,-5.455,-81.0635,36,4.5
2018-12-13,20:30:26.00,-5.1609,-81.1183,41,4.5
2019-01-06,17:40:05.89,-4.8327,-80.5772,55,4
2019-03-13,11:16:58.61,-5.4742,-80.1805,55,4.3
2019-04-18,04:36:11.45,-5.4293,-80.4143,47,4
2019-04-26,19:24:21.38,-5.3249,-80.9963,25,4.4
2019-05-11,20:03:43.58,-5.1455,-80.8605,38,4
2019-06-01,14:27:29.92,-4.3191,-80.6421,51,4
2019-07-06,12:25:06.92,-4.8596,-80.8521,32,4.2
2019-10-02,21:42:56.84,-5.7391,-80.9308,34,4.5
2019-10-07,15:08:05.84,-4.9629,-81.1736,28,4.2
2019-12-12,06:54:15.45,-5.4453,-79.8719,79,4
2020-01-08,11:14:36,-5.0545,-80.9879,31,3.5
2020-02-05,01:51:42,-5.7951,-80.9335,44,5.2
2020-03-09,09:35:40,-4.7848,-80.2673,69,4.8
2020-04-02,22:22:53,-5.2813,-80.9957,42,4
2020-04-23,06:52:28,-5.2777,-80.0139,86,4
2020-05-05,07:41:39,-5.0429,-79.9116,89,4.1
2020-05-12,09:05:35,-5.268,-80.1775,64,4
2020-05-25,08:46:49,-4.6579,-80.3592,35,3.9
2020-09-02,02:08:33,-4.861,-80.8453,28,4.1
2020-09-16,14:14:26,-5.6465,-80.7706,38,3.8
2020-11-09,04:00:30,-5.0588,-80.7932,38,4
2020-11-11,11:59:13,-4.3274,-80.7271,38,4
2020-11-28,08:03:16,-5.1133,-81.0119,39,3.9
2020-12-30,08:13:01,-5.1335,-80.7949,44,4.2
2021-03-03,01:30:56,-5.6215,-80.962,39,4.9
2021-03-05,13:42:13,-4.7581,-81.0166,24,4.1
2021-04-06,19:36:18,-5.8469,-81.1097,37,4.2
2021-05-07,21:46:27,-4.9225,-80.7649,41,4.5
2021-05-10,09:22:20,-4.7731,-81.0145,36,4
2021-05-16,19:47:40,-4.6571,-80.2023,66,4
2021-07-17,06:44:35,-5.119,-80.8154,51,4.4
2021-07-30,17:10:18,-4.8503,-80.841,32,6.1
2021-07-30,19:33:28,-4.9091,-80.7847,29,3.8
2021-07-30,20:14:08,-4.922,-80.7819,34,4.4
2021-07-31,04:33:01,-4.9103,-80.8278,35,4.1
2021-07-31,09:07:38,-4.9436,-80.7562,32,3.8
2021-07-31,09:31:09,-4.9251,-80.7812,33,4
2021-07-31,13:00:46,-4.9483,-80.7676,34,3.8
2021-07-31,20:54:48,-4.8617,-80.796,32,3.8
2021-07-31,21:04:47,-4.8773,-80.8027,28,3.9
2021-08-01,00:06:01,-4.9389,-80.7846,31,3.7
2021-08-01,06:42:00,-4.9799,-80.7668,33,4
2021-08-01,07:07:12,-4.9382,-80.8061,37,4.3
2021-08-01,10:42:48,-4.9286,-80.8125,35,3.9
2021-08-01,06:22:23,-4.9194,-80.8116,36,3.8
2021-08-01,11:51:10,-4.9121,-80.7292,29,3.8
2021-08-02,03:34:22,-4.9089,-80.8054,35,3.6
2021-08-03,06:31:21,-4.9123,-80.8021,35,3.8
2021-08-03,07:35:14,-4.9476,-80.7868,33,4.2
2021-08-03,11:03:24,-4.9674,-80.7738,30,3.7
2021-08-04,03:30:03,-4.9007,-80.7893,36,3.8
2021-08-05,22:36:08,-4.9094,-80.8447,38,4.1
2021-08-06,09:57:54,-4.9128,-80.7873,35,3.7
2021-08-09,09:52:30,-5.0204,-80.7229,32,3.6
2021-08-10,11:24:37,-4.6685,-80.3423,64,4.1
2021-08-11,07:21:41,-4.8736,-80.8127,35,4.3
2021-08-11,17:09:45,-4.8981,-80.7982,41,4.3
2021-08-11,18:24:37,-4.9481,-80.7677,32,3.7
2021-08-11,19:44:02,-4.8999,-80.8004,37,3.5
2021-08-11,21:49:04,-4.9058,-80.81,29,3.5
2021-08-15,10:14:05,-4.5689,-80.0629,35,3.9
2021-08-16,06:50:00,-4.9327,-80.7933,35,4.8
2021-08-17,18:59:35,-4.9139,-80.7683,34,4.4
2021-08-20,18:33:34,-4.885,-80.7629,31,4
2021-08-25,02:45:10,-4.8786,-80.8107,30,4.1
2021-09-01,21:21:53,-4.9125,-80.8104,35,4.2
2021-09-03,20:19:46,-4.8415,-80.8419,28,3.8
2021-09-05,08:59:13,-4.888,-80.7913,31,4
2021-09-09,00:11:26,-4.9444,-80.778,32,3.6
2021-09-16,10:14:00,-4.8544,-80.857,29,4.2
2021-09-17,22:26:36,-4.8973,-80.7521,31,4.2
2021-09-28,23:15:07,-4.5763,-80.8257,18,3.6
2021-10-06,11:16:54,-4.9458,-80.8028,40,3.8
2021-10-14,19:29:06,-4.9859,-80.7687,32,3.6
2021-10-27,02:24:24,-4.9239,-80.7336,32,3.8
2021-11-04,02:52:51,-4.8098,-80.8225,18,3.8
2021-11-04,03:28:05,-4.8812,-80.856,31,4.1
2021-11-10,09:28:06,-4.9436,-80.8156,38,3.9
2021-11-18,09:41:23,-4.8751,-80.6242,43,3.8
2021-12-20,12:08:20,-4.8779,-80.7718,24,3.8
2021-12-22,08:14:18,-5.8621,-81.2652,27,4.2
2021-12-31,01:30:50,-5.4455,-80.9701,33,3.9
2022-01-01,17:04:52,-4.939,-81.1582,24,4.2
2022-01-01,15:26:36,-4.8673,-80.7908,25,3.8
2022-01-03,04:20:19,-5.8466,-80.8432,31,4
2022-01-04,03:09:49,-4.9246,-81.0421,22,4.1
2022-01-05,15:26:04,-4.7025,-80.3146,56,4.1
2022-01-20,10:45:57,-5.1217,-80.1891,84,4.2
2022-01-29,20:04:53,-5.5676,-80.921,32,4.1
2022-02-20,03:09:44,-5.875,-81.0722,29,4
2022-03-02,11:11:15,-5.8628,-81.4265,28,4.2
2022-06-26,09:27:52,-4.9029,-80.7944,36,4.3
2022-08-13,22:42:08,-5.3028,-79.9073,88,4.4
2022-09-09,02:13:17,-5.13,-80.9,36,4.3
2022-10-05,08:26:17,-4.92,-80.8,25,6.1
2022-10-05,08:59:02,-4.89,-80.81,30,4
2022-10-05,10:43:28,-4.92,-80.77,30,4
2022-10-05,16:04:01,-4.89,-80.82,35,4
2022-10-08,21:06:53,-4.89,-80.85,38,4.4
2022-10-26,02:06:09,-4.89,-80.78,42,4.7
2022-10-30,02:07:16,-4.83,-80.84,25,4.1
2022-11-03,01:14:21,-5.28,-81.02,19,4.2
2022-11-14,00:54:02,-4.86,-80.76,35,4
2022-11-19,02:24:02,-5.51,-80.78,45,4.1
2022-12-02,08:19:25,-4.63,-80.83,38,4
2022-12-11,21:00:04,-4.91,-80.78,46,4.7
2022-12-12,06:55:00,-4.5,-80.15,77,5
2023-01-15,20:10:05,-4.54,-80.14,78,4.3
2023-01-17,07:56:29,-4.88,-80.84,28,4
2023-02-01,06:21:18,-5.28,-80.76,48,4.4
2023-05-13,12:13:53,-5.81,-81.28,30,4
2023-07-10,23:46:32,-4.9,-80.83,38,4.7
2023-08-15,20:38:10,-4.65,-80.25,65,4
2023-08-22,21:13:20,-5.55,-80.77,43,4.8
2023-09-18,22:33:48,-4.93,-80.83,29,4
2023-11-09,19:12:18,-4.73,-80.29,53,4.1
2023-12-16,09:32:47,-5.33,-80.8,43,4
2023-12-19,14:54:48,-4.89,-80.23,44,4.4
2024-01-04,13:46:24,-5.83,-81.03,32,4.8
2024-01-08,04:19:29,-5.13,-79.98,86,4
2024-01-09,09:15:20,-5.54,-80.74,50,4
2024-03-17,00:45:18,-5.61,-80.9,42,4
2024-04-21,14:18:10,-5.18,-81,52,4.1
2024-08-28,16:43:06,-4.47,-80.34,59,4
2024-09-05,14:58:27,-4.32,-80.4,50,4.2
2024-10-02,01:40:28,-4.89,-80.88,36,4
2024-11-02,04:53:56,-4.88,-80.9,35,4
2024-11-20,01:53:45,-4.39,-80.85,45,4
2024-11-20,19:48:27,-4.98,-81.21,27,4.5
2024-11-25,19:30:08,-5.51,-80.61,48,4
